{"cameraMode":{"drawMode":0,"name":"Shaded","section":"Shading Mode"},"sceneLighting":true,"audioPlay":false,"sceneViewState":{"m_AlwaysRefresh":false,"showFog":true,"showSkybox":true,"showFlares":true,"showImageEffects":true,"showParticleSystems":true,"showVisualEffectGraphs":true,"m_FxEnabled":true},"in2DMode":false,"pivot":{"x":-0.7162175178527832,"y":-0.04421424865722656,"z":0.8408083915710449},"rotation":{"x":-0.10065716505050659,"y":0.875135064125061,"z":-0.20694786310195924,"w":-0.4256553649902344},"size":5.689609050750732,"orthographic":false}